31336	Reinforcement_Learning
1061127	Reinforcement_Learning
1106406	Probabilistic_Methods
13195	Probabilistic_Methods
37879	Reinforcement_Learning
1126012	Theory
1107140	Neural_Networks
1102850	Reinforcement_Learning
31349	Reinforcement_Learning
1106418	Theory
1123188	Reinforcement_Learning
1128990	Rule_Learning
109323	Reinforcement_Learning
217139	Neural_Networks
31353	Reinforcement_Learning
32083	Reinforcement_Learning
1126029	Reinforcement_Learning
1118017	Reinforcement_Learning
49482	Reinforcement_Learning
753265	Reinforcement_Learning
249858	Theory
1113739	Reinforcement_Learning
48766	Rule_Learning
646195	Reinforcement_Learning
1126050	Reinforcement_Learning
59626	Theory
340299	Reinforcement_Learning
354004	Reinforcement_Learning
242637	Reinforcement_Learning
1106492	Theory
74975	Neural_Networks
1152272	Reinforcement_Learning
100701	Neural_Networks
66982	Reinforcement_Learning
13960	Probabilistic_Methods
13966	Probabilistic_Methods
66990	Reinforcement_Learning
182093	Rule_Learning
182094	Rule_Learning
13972	Probabilistic_Methods
13982	Theory
16819	Reinforcement_Learning
273152	Rule_Learning
237521	Reinforcement_Learning
1153703	Neural_Networks
32872	Reinforcement_Learning
284025	Reinforcement_Learning
218666	Neural_Networks
16843	Reinforcement_Learning
1153724	Neural_Networks
1153728	Neural_Networks
158098	Reinforcement_Learning
8699	Reinforcement_Learning
1134865	Rule_Learning
28456	Theory
248425	Rule_Learning
1112319	Theory
28471	Probabilistic_Methods
175548	Reinforcement_Learning
696345	Reinforcement_Learning
28485	Reinforcement_Learning
1139195	Neural_Networks
35778	Reinforcement_Learning
28491	Probabilistic_Methods
310530	Neural_Networks
1153784	Reinforcement_Learning
1481	Neural_Networks
1153786	Neural_Networks
13212	Reinforcement_Learning
1111614	Neural_Networks
5055	Theory
4329	Reinforcement_Learning
330148	Reinforcement_Learning
1105062	Reinforcement_Learning
4330	Reinforcement_Learning
5062	Neural_Networks
4335	Reinforcement_Learning
158812	Reinforcement_Learning
40124	Reinforcement_Learning
1103610	Theory
688361	Reinforcement_Learning
302545	Reinforcement_Learning
20534	Probabilistic_Methods
1031453	Reinforcement_Learning
5086	Reinforcement_Learning
193742	Reinforcement_Learning
58268	Probabilistic_Methods
424	Reinforcement_Learning
40151	Reinforcement_Learning
636098	Theory
260121	Reinforcement_Learning
950052	Neural_Networks
434	Theory
1131270	Reinforcement_Learning
1131274	Theory
1131277	Reinforcement_Learning
1110947	Neural_Networks
662279	Reinforcement_Learning
1139928	Theory
153063	Reinforcement_Learning
134199	Rule_Learning
641956	Reinforcement_Learning
20584	Reinforcement_Learning
1130567	Probabilistic_Methods
171225	Reinforcement_Learning
714879	Reinforcement_Learning
37998	Probabilistic_Methods
50336	Reinforcement_Learning
50337	Reinforcement_Learning
15429	Theory
23448	Reinforcement_Learning
1122574	Reinforcement_Learning
1110998	Reinforcement_Learning
853150	Reinforcement_Learning
15431	Reinforcement_Learning
646286	Reinforcement_Learning
1152307	Neural_Networks
1115291	Reinforcement_Learning
1106547	Probabilistic_Methods
68463	Rule_Learning
59715	Rule_Learning
69198	Reinforcement_Learning
7272	Reinforcement_Learning
163235	Reinforcement_Learning
7276	Reinforcement_Learning
34315	Reinforcement_Learning
644843	Reinforcement_Learning
7297	Reinforcement_Learning
628815	Reinforcement_Learning
35061	Rule_Learning
68495	Probabilistic_Methods
1136310	Reinforcement_Learning
18313	Reinforcement_Learning
34355	Reinforcement_Learning
45212	Reinforcement_Learning
1153091	Theory
8703	Neural_Networks
126920	Reinforcement_Learning
126927	Reinforcement_Learning
595157	Rule_Learning
140005	Theory
1117476	Rule_Learning
59798	Reinforcement_Learning
219446	Reinforcement_Learning
44514	Reinforcement_Learning
287787	Rule_Learning
157401	Neural_Networks
1154500	Rule_Learning
682666	Probabilistic_Methods
399173	Neural_Networks
198866	Neural_Networks
51834	Neural_Networks
200630	Reinforcement_Learning
782486	Probabilistic_Methods
1136393	Reinforcement_Learning
137849	Reinforcement_Learning
1153811	Probabilistic_Methods
24966	Reinforcement_Learning
11148	Probabilistic_Methods
51866	Probabilistic_Methods
24974	Reinforcement_Learning
137868	Reinforcement_Learning
28542	Reinforcement_Learning
35	Rule_Learning
116021	Theory
348305	Probabilistic_Methods
10430	Neural_Networks
39403	Probabilistic_Methods
40	Rule_Learning
282700	Reinforcement_Learning
1105116	Reinforcement_Learning
35854	Reinforcement_Learning
63477	Neural_Networks
124064	Probabilistic_Methods
1120431	Reinforcement_Learning
949318	Reinforcement_Learning
649944	Neural_Networks
63486	Rule_Learning
1153866	Theory
1140040	Reinforcement_Learning
1112426	Reinforcement_Learning
239800	Reinforcement_Learning
1131314	Reinforcement_Learning
1153891	Neural_Networks
1129835	Probabilistic_Methods
310653	Reinforcement_Learning
1130600	Probabilistic_Methods
1111733	Reinforcement_Learning
210871	Reinforcement_Learning
210872	Reinforcement_Learning
1132083	Reinforcement_Learning
132806	Rule_Learning
12631	Reinforcement_Learning
12638	Reinforcement_Learning
38771	Reinforcement_Learning
232605	Probabilistic_Methods
232606	Probabilistic_Methods
1107312	Reinforcement_Learning
1114605	Reinforcement_Learning
68505	Theory
133553	Reinforcement_Learning
144408	Reinforcement_Learning
23502	Reinforcement_Learning
1108050	Reinforcement_Learning
23507	Reinforcement_Learning
83826	Reinforcement_Learning
133563	Reinforcement_Learning
85299	Reinforcement_Learning
49660	Theory
593060	Rule_Learning
341188	Probabilistic_Methods
714975	Reinforcement_Learning
1115375	Reinforcement_Learning
95435	Probabilistic_Methods
145176	Reinforcement_Learning
1113934	Neural_Networks
1132809	Probabilistic_Methods
22835	Reinforcement_Learning
1153148	Reinforcement_Learning
41714	Rule_Learning
1118245	Theory
1152436	Neural_Networks
1153166	Neural_Networks
1153169	Theory
38000	Probabilistic_Methods
1152448	Neural_Networks
1137140	Reinforcement_Learning
30895	Theory
5966	Rule_Learning
1136422	Reinforcement_Learning
27174	Reinforcement_Learning
1128407	Neural_Networks
1124844	Reinforcement_Learning
1153195	Reinforcement_Learning
1113995	Reinforcement_Learning
1136442	Reinforcement_Learning
8821	Theory
46079	Reinforcement_Learning
119761	Theory
1111052	Reinforcement_Learning
315789	Reinforcement_Learning
1108841	Reinforcement_Learning
1135746	Theory
100935	Rule_Learning
353541	Rule_Learning
60682	Theory
253762	Reinforcement_Learning
8872	Rule_Learning
714260	Reinforcement_Learning
137956	Probabilistic_Methods
35922	Reinforcement_Learning
2354	Neural_Networks
168410	Probabilistic_Methods
346292	Reinforcement_Learning
1153933	Reinforcement_Learning
1119751	Rule_Learning
17798	Neural_Networks
400356	Reinforcement_Learning
10531	Reinforcement_Learning
1110390	Reinforcement_Learning
714289	Reinforcement_Learning
733167	Reinforcement_Learning
81714	Neural_Networks
428610	Reinforcement_Learning
552469	Theory
164885	Rule_Learning
81722	Neural_Networks
111866	Theory
194617	Reinforcement_Learning
93318	Theory
134307	Reinforcement_Learning
203646	Reinforcement_Learning
367312	Reinforcement_Learning
650814	Reinforcement_Learning
93320	Probabilistic_Methods
134315	Reinforcement_Learning
134316	Reinforcement_Learning
976334	Probabilistic_Methods
1095507	Theory
134320	Reinforcement_Learning
662416	Reinforcement_Learning
194645	Probabilistic_Methods
1131421	Reinforcement_Learning
161221	Reinforcement_Learning
38839	Reinforcement_Learning
38846	Reinforcement_Learning
133615	Theory
1112574	Theory
521207	Neural_Networks
3828	Reinforcement_Learning
593105	Rule_Learning
390693	Reinforcement_Learning
642847	Reinforcement_Learning
1122704	Reinforcement_Learning
4584	Reinforcement_Learning
7419	Reinforcement_Learning
30901	Theory
1115456	Reinforcement_Learning
7432	Probabilistic_Methods
573553	Rule_Learning
1022969	Neural_Networks
143801	Reinforcement_Learning
612306	Probabilistic_Methods
417017	Theory
396412	Theory
1107455	Probabilistic_Methods
91975	Probabilistic_Methods
180187	Probabilistic_Methods
27203	Theory
1152508	Rule_Learning
69392	Reinforcement_Learning
1118332	Reinforcement_Learning
189577	Probabilistic_Methods
1114777	Neural_Networks
75969	Reinforcement_Learning
1132922	Reinforcement_Learning
1153254	Theory
1117618	Reinforcement_Learning
6767	Theory
27241	Theory
27246	Reinforcement_Learning
95589	Probabilistic_Methods
6771	Theory
86840	Theory
108962	Reinforcement_Learning
6786	Reinforcement_Learning
108963	Reinforcement_Learning
108974	Reinforcement_Learning
1117653	Reinforcement_Learning
1152569	Rule_Learning
1132968	Reinforcement_Learning
370366	Reinforcement_Learning
108983	Reinforcement_Learning
399339	Probabilistic_Methods
64319	Theory
1110426	Theory
1102407	Reinforcement_Learning
1127812	Reinforcement_Learning
1128542	Reinforcement_Learning
65057	Reinforcement_Learning
159084	Reinforcement_Learning
159085	Reinforcement_Learning
65074	Reinforcement_Learning
33895	Rule_Learning
2440	Probabilistic_Methods
1717	Theory
249421	Reinforcement_Learning
3187	Reinforcement_Learning
591016	Theory
1110494	Reinforcement_Learning
29492	Theory
400473	Reinforcement_Learning
644334	Reinforcement_Learning
949511	Reinforcement_Learning
205192	Reinforcement_Learning
763009	Reinforcement_Learning
169280	Reinforcement_Learning
1120643	Rule_Learning
645088	Reinforcement_Learning
5348	Reinforcement_Learning
124296	Reinforcement_Learning
1121398	Rule_Learning
950305	Reinforcement_Learning
567018	Reinforcement_Learning
52000	Reinforcement_Learning
52003	Reinforcement_Learning
52007	Reinforcement_Learning
58540	Probabilistic_Methods
436796	Reinforcement_Learning
948846	Reinforcement_Learning
8213	Probabilistic_Methods
671293	Reinforcement_Learning
1131550	Rule_Learning
899119	Probabilistic_Methods
1105394	Probabilistic_Methods
85452	Theory
1112686	Reinforcement_Learning
69418	Theory
8224	Theory
145315	Probabilistic_Methods
575077	Rule_Learning
20850	Theory
44017	Theory
1135125	Theory
286562	Reinforcement_Learning
1123553	Probabilistic_Methods
1135137	Reinforcement_Learning
325314	Reinforcement_Learning
662572	Reinforcement_Learning
159897	Reinforcement_Learning
1130856	Rule_Learning
96335	Neural_Networks
755082	Reinforcement_Learning
1123576	Reinforcement_Learning
1103979	Reinforcement_Learning
593260	Rule_Learning
601567	Reinforcement_Learning
1119140	Reinforcement_Learning
189655	Reinforcement_Learning
31769	Reinforcement_Learning
1107567	Theory
88356	Reinforcement_Learning
1033	Rule_Learning
1034	Rule_Learning
1106849	Reinforcement_Learning
16470	Reinforcement_Learning
35343	Reinforcement_Learning
16471	Reinforcement_Learning
1154074	Reinforcement_Learning
16476	Reinforcement_Learning
23774	Probabilistic_Methods
16485	Reinforcement_Learning
136665	Rule_Learning
94953	Reinforcement_Learning
9708	Theory
38205	Rule_Learning
645897	Reinforcement_Learning
216877	Theory
18619	Theory
559804	Reinforcement_Learning
6898	Reinforcement_Learning
166420	Theory
787016	Rule_Learning
73146	Reinforcement_Learning
1136634	Theory
1111230	Probabilistic_Methods
3218	Theory
3229	Reinforcement_Learning
193347	Probabilistic_Methods
84020	Reinforcement_Learning
3231	Theory
52847	Reinforcement_Learning
193352	Probabilistic_Methods
193354	Probabilistic_Methods
1110531	Theory
686532	Theory
711598	Neural_Networks
1063773	Probabilistic_Methods
3243	Theory
78994	Reinforcement_Learning
181782	Probabilistic_Methods
284414	Theory
114189	Reinforcement_Learning
686559	Reinforcement_Learning
253971	Reinforcement_Learning
1106103	Theory
1114125	Probabilistic_Methods
75318	Reinforcement_Learning
45599	Rule_Learning
97892	Theory
446271	Reinforcement_Learning
1106112	Reinforcement_Learning
280876	Reinforcement_Learning
12182	Reinforcement_Learning
175909	Neural_Networks
64484	Probabilistic_Methods
6125	Theory
1120713	Neural_Networks
1114153	Reinforcement_Learning
12197	Theory
248823	Probabilistic_Methods
919885	Reinforcement_Learning
94229	Reinforcement_Learning
1120731	Probabilistic_Methods
23069	Reinforcement_Learning
6151	Reinforcement_Learning
6155	Probabilistic_Methods
23070	Reinforcement_Learning
644448	Reinforcement_Learning
1112723	Reinforcement_Learning
31097	Reinforcement_Learning
6169	Probabilistic_Methods
1106172	Probabilistic_Methods
6170	Neural_Networks
211875	Theory
1109017	Rule_Learning
5454	Reinforcement_Learning
6184	Probabilistic_Methods
10796	Theory
10798	Neural_Networks
1120777	Reinforcement_Learning
86258	Reinforcement_Learning
154134	Neural_Networks
6196	Probabilistic_Methods
20920	Reinforcement_Learning
20923	Neural_Networks
22386	Neural_Networks
1131639	Reinforcement_Learning
77515	Theory
93555	Reinforcement_Learning
17201	Probabilistic_Methods
644494	Reinforcement_Learning
17208	Probabilistic_Methods
1125082	Reinforcement_Learning
1131647	Reinforcement_Learning
74698	Reinforcement_Learning
13652	Reinforcement_Learning
20942	Theory
390894	Reinforcement_Learning
390896	Reinforcement_Learning
1125092	Reinforcement_Learning
13656	Reinforcement_Learning
1116347	Theory
13658	Reinforcement_Learning
114966	Reinforcement_Learning
120013	Theory
1117089	Reinforcement_Learning
57948	Theory
334153	Theory
160732	Reinforcement_Learning
1154103	Reinforcement_Learning
12946	Reinforcement_Learning
1104787	Reinforcement_Learning
17242	Reinforcement_Learning
321861	Reinforcement_Learning
189721	Reinforcement_Learning
1119211	Reinforcement_Learning
12960	Theory
95718	Reinforcement_Learning
6910	Reinforcement_Learning
180373	Reinforcement_Learning
6917	Probabilistic_Methods
358884	Reinforcement_Learning
887	Reinforcement_Learning
180399	Reinforcement_Learning
358894	Reinforcement_Learning
1154169	Reinforcement_Learning
120084	Reinforcement_Learning
1120019	Reinforcement_Learning
1152711	Reinforcement_Learning
1154176	Reinforcement_Learning
424540	Reinforcement_Learning
1118546	Reinforcement_Learning
643003	Reinforcement_Learning
112099	Neural_Networks
1104007	Theory
1120049	Reinforcement_Learning
175256	Rule_Learning
45605	Reinforcement_Learning
15889	Neural_Networks
35490	Reinforcement_Learning
221302	Neural_Networks
562123	Reinforcement_Learning
1104031	Neural_Networks
1129442	Reinforcement_Learning
1129443	Theory
1137466	Rule_Learning
328370	Reinforcement_Learning
1103315	Reinforcement_Learning
12210	Theory
1104055	Reinforcement_Learning
64519	Neural_Networks
114	Probabilistic_Methods
1109873	Reinforcement_Learning
128	Probabilistic_Methods
12238	Theory
1112099	Reinforcement_Learning
18774	Reinforcement_Learning
18777	Reinforcement_Learning
130	Probabilistic_Methods
23116	Reinforcement_Learning
948299	Reinforcement_Learning
6209	Probabilistic_Methods
197054	Rule_Learning
6210	Probabilistic_Methods
6213	Reinforcement_Learning
6214	Probabilistic_Methods
6216	Probabilistic_Methods
6217	Probabilistic_Methods
2653	Theory
2658	Reinforcement_Learning
753047	Reinforcement_Learning
188318	Reinforcement_Learning
74700	Reinforcement_Learning
67415	Reinforcement_Learning
6220	Probabilistic_Methods
2665	Reinforcement_Learning
28957	Reinforcement_Learning
143323	Neural_Networks
340075	Reinforcement_Learning
1949	Neural_Networks
1953	Neural_Networks
1955	Neural_Networks
1959	Neural_Networks
390922	Reinforcement_Learning
22431	Theory
1113541	Reinforcement_Learning
1132418	Reinforcement_Learning
628500	Probabilistic_Methods
648106	Reinforcement_Learning
1104809	Reinforcement_Learning
4804	Theory
648112	Reinforcement_Learning
33301	Neural_Networks
33303	Reinforcement_Learning
267824	Reinforcement_Learning
1138970	Neural_Networks
13717	Probabilistic_Methods
1131719	Probabilistic_Methods
1120866	Reinforcement_Learning
1106287	Reinforcement_Learning
755217	Reinforcement_Learning
647408	Rule_Learning
1116410	Neural_Networks
1132459	Reinforcement_Learning
1105574	Reinforcement_Learning
1133196	Rule_Learning
307336	Theory
906	Reinforcement_Learning
1131745	Reinforcement_Learning
1131748	Reinforcement_Learning
910	Reinforcement_Learning
943	Neural_Networks
31927	Reinforcement_Learning
101261	Rule_Learning
101263	Theory
31932	Theory
779960	Reinforcement_Learning
1135358	Theory
1154230	Reinforcement_Learning
1135368	Reinforcement_Learning
28227	Probabilistic_Methods
32688	Reinforcement_Learning
189856	Reinforcement_Learning
27510	Theory
27514	Theory
1154276	Reinforcement_Learning
27530	Reinforcement_Learning
1152821	Reinforcement_Learning
28265	Neural_Networks
103430	Reinforcement_Learning
27543	Reinforcement_Learning
39126	Neural_Networks
28278	Probabilistic_Methods
39131	Neural_Networks
10169	Theory
28287	Probabilistic_Methods
1129518	Reinforcement_Learning
1272	Theory
194223	Reinforcement_Learning
10177	Theory
18811	Reinforcement_Learning
18812	Reinforcement_Learning
73327	Neural_Networks
1117942	Probabilistic_Methods
15984	Reinforcement_Learning
202522	Reinforcement_Learning
1152858	Reinforcement_Learning
1152859	Reinforcement_Learning
10183	Theory
81350	Probabilistic_Methods
259126	Rule_Learning
13024	Reinforcement_Learning
1120170	Probabilistic_Methods
46452	Probabilistic_Methods
26850	Reinforcement_Learning
18832	Probabilistic_Methods
18833	Probabilistic_Methods
82098	Rule_Learning
103482	Reinforcement_Learning
158614	Theory
46468	Reinforcement_Learning
71904	Reinforcement_Learning
80656	Probabilistic_Methods
29708	Theory
1128839	Reinforcement_Learning
1128846	Reinforcement_Learning
12330	Reinforcement_Learning
240321	Reinforcement_Learning
1128853	Reinforcement_Learning
219976	Neural_Networks
38480	Probabilistic_Methods
12350	Theory
1104191	Reinforcement_Learning
7022	Reinforcement_Learning
63931	Probabilistic_Methods
68224	Reinforcement_Learning
1110768	Reinforcement_Learning
384428	Reinforcement_Learning
1107041	Neural_Networks
1114352	Reinforcement_Learning
1107062	Rule_Learning
288	Reinforcement_Learning
1107067	Reinforcement_Learning
91581	Reinforcement_Learning
39904	Reinforcement_Learning
6334	Theory
123825	Reinforcement_Learning
23258	Probabilistic_Methods
66805	Rule_Learning
6346	Theory
55968	Probabilistic_Methods
368431	Theory
179702	Reinforcement_Learning
1140547	Reinforcement_Learning
1114388	Neural_Networks
90888	Reinforcement_Learning
510715	Reinforcement_Learning
33412	Reinforcement_Learning
188471	Probabilistic_Methods
1152143	Probabilistic_Methods
1120962	Reinforcement_Learning
1125258	Reinforcement_Learning
648232	Reinforcement_Learning
143476	Reinforcement_Learning
1152150	Reinforcement_Learning
1117249	Reinforcement_Learning
25413	Reinforcement_Learning
1152162	Reinforcement_Learning
241821	Reinforcement_Learning
350362	Theory
1116530	Reinforcement_Learning
61069	Rule_Learning
1110000	Reinforcement_Learning
646809	Rule_Learning
1105698	Reinforcement_Learning
1152194	Reinforcement_Learning
198653	Reinforcement_Learning
1116569	Reinforcement_Learning
77758	Reinforcement_Learning
854434	Reinforcement_Learning
1128151	Rule_Learning
1123867	Theory
191404	Reinforcement_Learning
1116594	Reinforcement_Learning
126793	Reinforcement_Learning
43639	Reinforcement_Learning
44368	Rule_Learning
97390	Rule_Learning
87915	Probabilistic_Methods
131117	Reinforcement_Learning
8581	Reinforcement_Learning
27606	Theory
1115886	Rule_Learning
184157	Probabilistic_Methods
8594	Probabilistic_Methods
1152904	Reinforcement_Learning
1120211	Reinforcement_Learning
28350	Reinforcement_Learning
1152910	Probabilistic_Methods
27627	Reinforcement_Learning
649731	Neural_Networks
308920	Reinforcement_Learning
289780	Reinforcement_Learning
289781	Rule_Learning
19621	Reinforcement_Learning
1129608	Rule_Learning
1365	Reinforcement_Learning
103543	Reinforcement_Learning
28387	Probabilistic_Methods
28389	Probabilistic_Methods
43698	Rule_Learning
54550	Neural_Networks
1129621	Reinforcement_Learning
46536	Reinforcement_Learning
1129629	Rule_Learning
294126	Neural_Networks
568857	Rule_Learning
447224	Theory
38537	Reinforcement_Learning
1152975	Neural_Networks
34979	Theory
1104261	Theory
139865	Reinforcement_Learning
56709	Rule_Learning
1128945	Reinforcement_Learning
19697	Reinforcement_Learning
107177	Reinforcement_Learning
1131165	Reinforcement_Learning
1128959	Rule_Learning
152219	Reinforcement_Learning
184918	Reinforcement_Learning
16008	Reinforcement_Learning
1122425	Probabilistic_Methods
928873	Reinforcement_Learning
206259	Probabilistic_Methods
714748	Reinforcement_Learning
1131189	Reinforcement_Learning
217115	Theory
560936	Reinforcement_Learning
1131198	Rule_Learning
1128985	Rule_Learning
466170	Neural_Networks
429805	Neural_Networks
561674	Reinforcement_Learning
654177	Reinforcement_Learning
95225	Theory
37884	Reinforcement_Learning
37888	Reinforcement_Learning
1128997	Rule_Learning
545647	Theory
42207	Theory
42209	Theory
82920	Rule_Learning
128202	Theory
128203	Theory
1134056	Reinforcement_Learning
1102873	Reinforcement_Learning
42221	Theory
1107171	Neural_Networks
1133338	Rule_Learning
67633	Neural_Networks
375825	Reinforcement_Learning
48781	Reinforcement_Learning
75674	Reinforcement_Learning
289088	Reinforcement_Learning
1152244	Reinforcement_Learning
13917	Reinforcement_Learning
75695	Reinforcement_Learning
34257	Reinforcement_Learning
1117348	Reinforcement_Learning
574710	Rule_Learning
34263	Reinforcement_Learning
1128204	Rule_Learning
34266	Reinforcement_Learning
1128208	Rule_Learning
1116629	Reinforcement_Learning
110162	Neural_Networks
110163	Neural_Networks
110164	Neural_Networks
628751	Reinforcement_Learning
708945	Reinforcement_Learning
1123926	Theory
1152277	Reinforcement_Learning
77826	Neural_Networks
77829	Reinforcement_Learning
8617	Reinforcement_Learning
242663	Reinforcement_Learning
8619	Reinforcement_Learning
628764	Reinforcement_Learning
628766	Reinforcement_Learning
1125393	Neural_Networks
66986	Reinforcement_Learning
646913	Rule_Learning
578309	Reinforcement_Learning
18251	Neural_Networks
1152290	Theory
954315	Probabilistic_Methods
212107	Neural_Networks
578337	Reinforcement_Learning
907845	Reinforcement_Learning
1127530	Reinforcement_Learning
1128267	Probabilistic_Methods
28412	Theory
594387	Rule_Learning
1127541	Reinforcement_Learning
44455	Rule_Learning
45188	Theory
45189	Reinforcement_Learning
62607	Probabilistic_Methods
1127551	Reinforcement_Learning
1123991	Reinforcement_Learning
1127558	Reinforcement_Learning
105057	Theory
1128291	Rule_Learning
1127566	Reinforcement_Learning
1154459	Rule_Learning
218682	Neural_Networks
28447	Probabilistic_Methods
1153736	Theory
62634	Rule_Learning
211432	Theory
112378	Neural_Networks
1113035	Reinforcement_Learning
1118848	Reinforcement_Learning
137790	Rule_Learning
217984	Reinforcement_Learning
949217	Reinforcement_Learning
28473	Probabilistic_Methods
1104300	Reinforcement_Learning
1105033	Probabilistic_Methods
11093	Reinforcement_Learning
696342	Reinforcement_Learning
696343	Reinforcement_Learning
696346	Reinforcement_Learning
28487	Probabilistic_Methods
5038	Theory
195150	Probabilistic_Methods
62676	Reinforcement_Learning
13213	Reinforcement_Learning
576973	Rule_Learning
35797	Reinforcement_Learning
134128	Reinforcement_Learning
166825	Neural_Networks
175576	Theory
509379	Theory
1113084	Reinforcement_Learning
53942	Theory
642621	Reinforcement_Learning
1131236	Reinforcement_Learning
1112369	Reinforcement_Learning
446610	Reinforcement_Learning
644093	Reinforcement_Learning
411092	Probabilistic_Methods
642641	Reinforcement_Learning
408885	Reinforcement_Learning
1131258	Reinforcement_Learning
1131267	Reinforcement_Learning
13269	Reinforcement_Learning
1104379	Rule_Learning
1114502	Rule_Learning
1107215	Neural_Networks
83725	Rule_Learning
84459	Theory
642681	Reinforcement_Learning
445938	Reinforcement_Learning
1103676	Reinforcement_Learning
1130568	Reinforcement_Learning
1153003	Reinforcement_Learning
51045	Reinforcement_Learning
12576	Rule_Learning
144330	Theory
105865	Reinforcement_Learning
51052	Neural_Networks
746058	Reinforcement_Learning
1153014	Reinforcement_Learning
641976	Reinforcement_Learning
561789	Reinforcement_Learning
1130586	Reinforcement_Learning
368605	Reinforcement_Learning
1133428	Reinforcement_Learning
1113828	Reinforcement_Learning
129042	Rule_Learning
129045	Neural_Networks
6539	Theory
1153031	Reinforcement_Learning
1122580	Theory
1132706	Neural_Networks
1152308	Neural_Networks
105899	Reinforcement_Learning
50354	Reinforcement_Learning
1121867	Reinforcement_Learning
1113852	Theory
1153056	Reinforcement_Learning
94641	Rule_Learning
1153065	Neural_Networks
1133469	Probabilistic_Methods
35070	Probabilistic_Methods
576257	Rule_Learning
368657	Reinforcement_Learning
1129018	Rule_Learning
263069	Rule_Learning
1129027	Rule_Learning
1152358	Rule_Learning
1125467	Reinforcement_Learning
1125469	Reinforcement_Learning
72101	Reinforcement_Learning
40922	Neural_Networks
1153097	Reinforcement_Learning
1109439	Reinforcement_Learning
423463	Reinforcement_Learning
128383	Neural_Networks
683360	Reinforcement_Learning
1129040	Rule_Learning
52515	Reinforcement_Learning
41666	Reinforcement_Learning
1128319	Rule_Learning
1152379	Theory
1136342	Rule_Learning
1125492	Rule_Learning
1108728	Reinforcement_Learning
265203	Reinforcement_Learning
628888	Reinforcement_Learning
1127619	Probabilistic_Methods
56112	Probabilistic_Methods
56115	Rule_Learning
56119	Rule_Learning
89547	Theory
51831	Reinforcement_Learning
91038	Reinforcement_Learning
96847	Rule_Learning
521855	Reinforcement_Learning
594483	Rule_Learning
1119623	Reinforcement_Learning
96851	Rule_Learning
1136397	Reinforcement_Learning
158172	Reinforcement_Learning
1127657	Neural_Networks
131315	Reinforcement_Learning
131318	Reinforcement_Learning
289945	Reinforcement_Learning
62718	Neural_Networks
229635	Rule_Learning
56167	Neural_Networks
1119654	Theory
51879	Reinforcement_Learning
10435	Neural_Networks
137873	Reinforcement_Learning
168332	Probabilistic_Methods
330208	Reinforcement_Learning
689152	Theory
1120444	Neural_Networks
1153877	Neural_Networks
111770	Reinforcement_Learning
1153879	Reinforcement_Learning
108047	Rule_Learning
1131300	Reinforcement_Learning
362926	Rule_Learning
129896	Reinforcement_Learning
129897	Reinforcement_Learning
59045	Reinforcement_Learning
1153889	Neural_Networks
239810	Neural_Networks
20601	Reinforcement_Learning
20602	Theory
416964	Reinforcement_Learning
38722	Theory
72908	Probabilistic_Methods
116081	Theory
1153897	Rule_Learning
116084	Probabilistic_Methods
116087	Probabilistic_Methods
1113182	Probabilistic_Methods
1131330	Reinforcement_Learning
582139	Reinforcement_Learning
561809	Reinforcement_Learning
14062	Rule_Learning
1104449	Reinforcement_Learning
39474	Rule_Learning
27895	Neural_Networks
167670	Theory
1131345	Neural_Networks
1131348	Reinforcement_Learning
14083	Reinforcement_Learning
1103737	Neural_Networks
65650	Theory
93273	Theory
65653	Theory
5194	Reinforcement_Learning
14090	Reinforcement_Learning
1131360	Rule_Learning
1130634	Reinforcement_Learning
976284	Reinforcement_Learning
1130637	Theory
593022	Rule_Learning
1131374	Rule_Learning
975567	Reinforcement_Learning
133550	Reinforcement_Learning
145134	Reinforcement_Learning
1130653	Neural_Networks
1130657	Theory
1104495	Theory
133566	Reinforcement_Learning
133567	Reinforcement_Learning
1122642	Reinforcement_Learning
1114629	Probabilistic_Methods
91852	Neural_Networks
91853	Neural_Networks
376704	Theory
1153101	Probabilistic_Methods
32276	Reinforcement_Learning
1130678	Reinforcement_Learning
83847	Reinforcement_Learning
8079	Theory
593068	Rule_Learning
285675	Reinforcement_Learning
1130680	Reinforcement_Learning
1106630	Reinforcement_Learning
278394	Reinforcement_Learning
285687	Reinforcement_Learning
69284	Rule_Learning
6639	Probabilistic_Methods
14807	Reinforcement_Learning
152483	Rule_Learning
683404	Reinforcement_Learning
593091	Rule_Learning
1117501	Reinforcement_Learning
99023	Reinforcement_Learning
99025	Reinforcement_Learning
513189	Rule_Learning
1152421	Rule_Learning
1153150	Probabilistic_Methods
99030	Reinforcement_Learning
1105932	Reinforcement_Learning
1153160	Probabilistic_Methods
1106671	Reinforcement_Learning
531348	Reinforcement_Learning
577086	Rule_Learning
531351	Reinforcement_Learning
25702	Reinforcement_Learning
87482	Reinforcement_Learning
135765	Reinforcement_Learning
135766	Probabilistic_Methods
1132864	Reinforcement_Learning
22886	Neural_Networks
1118286	Reinforcement_Learning
162664	Reinforcement_Learning
1109542	Reinforcement_Learning
1116835	Reinforcement_Learning
1116839	Neural_Networks
1103016	Reinforcement_Learning
1128425	Reinforcement_Learning
1116842	Theory
1136446	Reinforcement_Learning
1136447	Reinforcement_Learning
27199	Theory
1125597	Rule_Learning
1132887	Reinforcement_Learning
593813	Rule_Learning
594543	Rule_Learning
917493	Reinforcement_Learning
1128430	Neural_Networks
51909	Neural_Networks
1108834	Reinforcement_Learning
1128437	Neural_Networks
989397	Theory
97645	Rule_Learning
8832	Neural_Networks
1103031	Reinforcement_Learning
346243	Neural_Networks
1119708	Rule_Learning
36620	Neural_Networks
25772	Reinforcement_Learning
640617	Rule_Learning
8865	Rule_Learning
950986	Reinforcement_Learning
35905	Reinforcement_Learning
8875	Rule_Learning
25791	Theory
100961	Reinforcement_Learning
738941	Reinforcement_Learning
64271	Neural_Networks
3084	Neural_Networks
3085	Neural_Networks
28649	Theory
3095	Neural_Networks
3097	Neural_Networks
1153943	Rule_Learning
1121254	Reinforcement_Learning
74427	Reinforcement_Learning
231249	Rule_Learning
1105221	Probabilistic_Methods
28674	Reinforcement_Learning
1129907	Reinforcement_Learning
650807	Rule_Learning
348437	Theory
1688	Rule_Learning
33013	Probabilistic_Methods
38829	Neural_Networks
307015	Rule_Learning
127033	Rule_Learning
310742	Reinforcement_Learning
1694	Reinforcement_Learning
650834	Reinforcement_Learning
1131420	Reinforcement_Learning
193918	Reinforcement_Learning
85324	Reinforcement_Learning
642827	Reinforcement_Learning
38845	Neural_Networks
193931	Reinforcement_Learning
193932	Reinforcement_Learning
4553	Theory
1116146	Neural_Networks
85352	Rule_Learning
261040	Neural_Networks
145215	Reinforcement_Learning
646412	Reinforcement_Learning
1131464	Probabilistic_Methods
1131466	Reinforcement_Learning
574264	Rule_Learning
458439	Rule_Learning
57764	Reinforcement_Learning
646440	Reinforcement_Learning
1111899	Neural_Networks
521252	Theory
1115471	Probabilistic_Methods
1123493	Rule_Learning
601462	Rule_Learning
421481	Reinforcement_Learning
385572	Reinforcement_Learning
30934	Reinforcement_Learning
84695	Reinforcement_Learning
189566	Reinforcement_Learning
69397	Theory
6741	Theory
177998	Rule_Learning
395725	Reinforcement_Learning
61417	Probabilistic_Methods
54129	Rule_Learning
1118347	Reinforcement_Learning
1106764	Probabilistic_Methods
102406	Theory
75972	Probabilistic_Methods
95579	Probabilistic_Methods
54132	Rule_Learning
27243	Theory
1153262	Neural_Networks
1153264	Reinforcement_Learning
30973	Reinforcement_Learning
1129208	Reinforcement_Learning
1106771	Reinforcement_Learning
27249	Theory
95586	Probabilistic_Methods
95588	Probabilistic_Methods
255233	Neural_Networks
6775	Reinforcement_Learning
129287	Reinforcement_Learning
27250	Reinforcement_Learning
19231	Theory
1153275	Reinforcement_Learning
1132948	Reinforcement_Learning
1106789	Reinforcement_Learning
95597	Probabilistic_Methods
6784	Reinforcement_Learning
682815	Rule_Learning
1153280	Rule_Learning
148170	Rule_Learning
263279	Theory
1116922	Probabilistic_Methods
1152564	Neural_Networks
1118388	Neural_Networks
851968	Reinforcement_Learning
3101	Neural_Networks
1129243	Probabilistic_Methods
170798	Neural_Networks
3112	Neural_Networks
503877	Rule_Learning
17821	Reinforcement_Learning
503883	Rule_Learning
561238	Rule_Learning
1110438	Reinforcement_Learning
575795	Reinforcement_Learning
1116974	Reinforcement_Learning
272720	Reinforcement_Learning
415693	Rule_Learning
18582	Rule_Learning
11325	Theory
11326	Theory
1103162	Probabilistic_Methods
1111186	Reinforcement_Learning
578645	Rule_Learning
578646	Rule_Learning
578649	Rule_Learning
1121313	Neural_Networks
11335	Theory
1102442	Theory
11339	Theory
52784	Reinforcement_Learning
11342	Theory
1130080	Reinforcement_Learning
3191	Reinforcement_Learning
3192	Reinforcement_Learning
400455	Reinforcement_Learning
1135899	Reinforcement_Learning
591017	Probabilistic_Methods
751408	Reinforcement_Learning
1140230	Reinforcement_Learning
1140231	Reinforcement_Learning
1106052	Neural_Networks
70970	Rule_Learning
67245	Reinforcement_Learning
67246	Reinforcement_Learning
205196	Reinforcement_Learning
135130	Rule_Learning
123556	Reinforcement_Learning
645084	Reinforcement_Learning
1786	Reinforcement_Learning
66556	Rule_Learning
1130808	Reinforcement_Learning
4649	Theory
582343	Reinforcement_Learning
395075	Rule_Learning
582349	Reinforcement_Learning
20833	Theory
1131549	Rule_Learning
58552	Reinforcement_Learning
85449	Reinforcement_Learning
49811	Theory
77438	Reinforcement_Learning
4660	Theory
66594	Theory
66596	Reinforcement_Learning
314459	Reinforcement_Learning
1116268	Theory
1103960	Reinforcement_Learning
49843	Probabilistic_Methods
1103969	Reinforcement_Learning
593240	Rule_Learning
207395	Neural_Networks
593248	Rule_Learning
943087	Reinforcement_Learning
7532	Reinforcement_Learning
7537	Reinforcement_Learning
25181	Reinforcement_Learning
25184	Reinforcement_Learning
16437	Reinforcement_Learning
1103985	Rule_Learning
6814	Reinforcement_Learning
6818	Reinforcement_Learning
1154042	Reinforcement_Learning
23738	Reinforcement_Learning
1107558	Reinforcement_Learning
137359	Theory
16451	Reinforcement_Learning
318071	Reinforcement_Learning
232860	Reinforcement_Learning
1107572	Theory
49895	Probabilistic_Methods
16474	Reinforcement_Learning
1154076	Reinforcement_Learning
626999	Reinforcement_Learning
137380	Theory
1119178	Neural_Networks
33904	Rule_Learning
1119180	Theory
33907	Rule_Learning
174418	Reinforcement_Learning
70281	Reinforcement_Learning
73119	Reinforcement_Learning
9716	Theory
174425	Theory
416455	Rule_Learning
18615	Theory
127940	Reinforcement_Learning
1152663	Probabilistic_Methods
675649	Reinforcement_Learning
1117760	Probabilistic_Methods
1138091	Neural_Networks
1152673	Reinforcement_Learning
321004	Rule_Learning
139547	Reinforcement_Learning
45533	Reinforcement_Learning
3217	Reinforcement_Learning
1111240	Reinforcement_Learning
523574	Reinforcement_Learning
1110515	Rule_Learning
73162	Reinforcement_Learning
52835	Reinforcement_Learning
3220	Theory
3223	Theory
1129367	Rule_Learning
1129368	Rule_Learning
1129369	Rule_Learning
84021	Rule_Learning
1127913	Reinforcement_Learning
3233	Reinforcement_Learning
3235	Theory
3236	Theory
562067	Reinforcement_Learning
3240	Theory
92065	Reinforcement_Learning
213246	Theory
911198	Reinforcement_Learning
12158	Theory
20178	Neural_Networks
20179	Neural_Networks
80491	Reinforcement_Learning
561364	Reinforcement_Learning
20180	Neural_Networks
245955	Reinforcement_Learning
1102548	Theory
1817	Rule_Learning
31043	Reinforcement_Learning
1102550	Rule_Learning
20193	Neural_Networks
1110579	Neural_Networks
213279	Reinforcement_Learning
1133010	Reinforcement_Learning
157761	Theory
31055	Reinforcement_Learning
12194	Theory
1133028	Theory
578780	Rule_Learning
12198	Reinforcement_Learning
12199	Theory
90655	Reinforcement_Learning
6130	Reinforcement_Learning
337766	Neural_Networks
112787	Neural_Networks
1133047	Theory
1105428	Theory
785678	Reinforcement_Learning
644441	Reinforcement_Learning
672064	Reinforcement_Learning
41216	Reinforcement_Learning
1105433	Reinforcement_Learning
1113459	Probabilistic_Methods
55770	Neural_Networks
6163	Probabilistic_Methods
259701	Rule_Learning
259702	Rule_Learning
1131607	Reinforcement_Learning
430329	Reinforcement_Learning
643734	Reinforcement_Learning
643735	Reinforcement_Learning
656048	Neural_Networks
1131611	Theory
617575	Reinforcement_Learning
1105450	Theory
15076	Reinforcement_Learning
10793	Theory
1117049	Rule_Learning
647315	Rule_Learning
33231	Reinforcement_Learning
1116328	Theory
1104749	Reinforcement_Learning
594025	Rule_Learning
315266	Reinforcement_Learning
643777	Reinforcement_Learning
1130927	Reinforcement_Learning
1132385	Reinforcement_Learning
1108329	Neural_Networks
1130929	Theory
1104769	Reinforcement_Learning
594047	Rule_Learning
1130931	Reinforcement_Learning
1130934	Reinforcement_Learning
141868	Probabilistic_Methods
593329	Rule_Learning
144701	Rule_Learning
574462	Rule_Learning
60170	Reinforcement_Learning
120039	Reinforcement_Learning
502574	Neural_Networks
293974	Reinforcement_Learning
1119216	Neural_Networks
1108363	Neural_Networks
191216	Reinforcement_Learning
469504	Reinforcement_Learning
358866	Reinforcement_Learning
1116397	Neural_Networks
191222	Reinforcement_Learning
36145	Reinforcement_Learning
1115677	Reinforcement_Learning
577331	Rule_Learning
31863	Theory
566488	Neural_Networks
358887	Reinforcement_Learning
6935	Reinforcement_Learning
6939	Neural_Networks
197783	Reinforcement_Learning
34708	Theory
1107674	Rule_Learning
248119	Theory
318187	Probabilistic_Methods
1152714	Reinforcement_Learning
1154173	Reinforcement_Learning
300071	Reinforcement_Learning
1120020	Probabilistic_Methods
423816	Reinforcement_Learning
1106966	Reinforcement_Learning
148341	Rule_Learning
136766	Neural_Networks
325497	Reinforcement_Learning
136767	Theory
136768	Neural_Networks
409255	Reinforcement_Learning
1152740	Reinforcement_Learning
1117833	Neural_Networks
309476	Theory
1120059	Reinforcement_Learning
80515	Reinforcement_Learning
65212	Reinforcement_Learning
15892	Neural_Networks
1120084	Reinforcement_Learning
576691	Rule_Learning
148399	Theory
175291	Reinforcement_Learning
1112071	Neural_Networks
117	Probabilistic_Methods
157805	Theory
300806	Reinforcement_Learning
31105	Reinforcement_Learning
154982	Reinforcement_Learning
141160	Reinforcement_Learning
112813	Neural_Networks
98693	Rule_Learning
98698	Rule_Learning
192734	Theory
12247	Theory
1109891	Reinforcement_Learning
141171	Reinforcement_Learning
312409	Reinforcement_Learning
608190	Rule_Learning
608191	Rule_Learning
55801	Neural_Networks
1136791	Rule_Learning
815073	Reinforcement_Learning
1114222	Reinforcement_Learning
173884	Reinforcement_Learning
1102646	Reinforcement_Learning
63832	Rule_Learning
211906	Theory
83449	Neural_Networks
2654	Theory
815096	Reinforcement_Learning
277263	Theory
1105505	Reinforcement_Learning
48550	Reinforcement_Learning
83461	Probabilistic_Methods
48555	Reinforcement_Learning
6238	Probabilistic_Methods
636500	Reinforcement_Learning
340078	Reinforcement_Learning
1113534	Reinforcement_Learning
578898	Rule_Learning
1951	Neural_Networks
1952	Neural_Networks
1956	Reinforcement_Learning
636511	Reinforcement_Learning
463825	Theory
1121569	Reinforcement_Learning
1105531	Reinforcement_Learning
14428	Reinforcement_Learning
14429	Probabilistic_Methods
74749	Neural_Networks
14430	Reinforcement_Learning
14431	Reinforcement_Learning
1132434	Reinforcement_Learning
648121	Reinforcement_Learning
582511	Probabilistic_Methods
688849	Reinforcement_Learning
1997	Theory
1131728	Theory
1106298	Theory
86359	Rule_Learning
647413	Reinforcement_Learning
1120880	Reinforcement_Learning
1131734	Rule_Learning
562940	Neural_Networks
230879	Reinforcement_Learning
1104851	Theory
1152075	Reinforcement_Learning
58758	Rule_Learning
230884	Reinforcement_Learning
34082	Reinforcement_Learning
1132486	Reinforcement_Learning
39890	Reinforcement_Learning
66782	Theory
218410	Reinforcement_Learning
647447	Rule_Learning
1117184	Reinforcement_Learning
66794	Theory
227178	Rule_Learning
936	Neural_Networks
940	Reinforcement_Learning
575292	Rule_Learning
941	Neural_Networks
1109185	Reinforcement_Learning
85688	Reinforcement_Learning
28202	Theory
50807	Theory
379288	Neural_Networks
1154229	Reinforcement_Learning
1109199	Rule_Learning
118682	Reinforcement_Learning
153598	Probabilistic_Methods
1154251	Reinforcement_Learning
62417	Reinforcement_Learning
1125909	Reinforcement_Learning
79809	Theory
739280	Reinforcement_Learning
70441	Neural_Networks
70442	Rule_Learning
70444	Neural_Networks
79817	Reinforcement_Learning
129558	Neural_Networks
892139	Reinforcement_Learning
576725	Rule_Learning
28254	Reinforcement_Learning
1246	Probabilistic_Methods
237376	Theory
27531	Reinforcement_Learning
397488	Theory
42847	Reinforcement_Learning
42848	Rule_Learning
155736	Reinforcement_Learning
155738	Theory
39124	Rule_Learning
39127	Theory
39130	Theory
1153577	Rule_Learning
335733	Rule_Learning
28290	Neural_Networks
18815	Neural_Networks
1136814	Rule_Learning
1120169	Theory
82087	Rule_Learning
178209	Probabilistic_Methods
139738	Reinforcement_Learning
82090	Reinforcement_Learning
18834	Probabilistic_Methods
39165	Reinforcement_Learning
190698	Rule_Learning
1125992	Neural_Networks
1109957	Probabilistic_Methods
46470	Theory
46476	Theory
1129570	Reinforcement_Learning
1071981	Neural_Networks
1129573	Rule_Learning
39199	Reinforcement_Learning
12337	Reinforcement_Learning
29723	Reinforcement_Learning
694759	Rule_Learning
46491	Theory
1128856	Probabilistic_Methods
1107010	Reinforcement_Learning
643199	Rule_Learning
1104182	Theory
12347	Reinforcement_Learning
63915	Reinforcement_Learning
519353	Neural_Networks
608292	Rule_Learning
1121603	Reinforcement_Learning
1130356	Reinforcement_Learning
12359	Reinforcement_Learning
192850	Reinforcement_Learning
7032	Reinforcement_Learning
1128881	Reinforcement_Learning
140569	Reinforcement_Learning
1114331	Rule_Learning
7041	Reinforcement_Learning
561581	Reinforcement_Learning
561582	Reinforcement_Learning
192870	Reinforcement_Learning
1113614	Reinforcement_Learning
1102761	Neural_Networks
116528	Theory
561595	Reinforcement_Learning
94416	Probabilistic_Methods
5600	Neural_Networks
1000012	Theory
1114364	Reinforcement_Learning
1121659	Reinforcement_Learning
66809	Probabilistic_Methods
6343	Theory
212777	Theory
583318	Rule_Learning
709518	Reinforcement_Learning
350319	Reinforcement_Learning
116553	Rule_Learning
170338	Probabilistic_Methods
179706	Reinforcement_Learning
1112929	Reinforcement_Learning
656231	Neural_Networks
14531	Reinforcement_Learning
1106370	Reinforcement_Learning
1109208	Reinforcement_Learning
1114398	Reinforcement_Learning
95188	Neural_Networks
510718	Reinforcement_Learning
208345	Reinforcement_Learning
6378	Probabilistic_Methods
22563	Theory
10981	Reinforcement_Learning
110041	Rule_Learning
14549	Neural_Networks
95198	Neural_Networks
6385	Probabilistic_Methods
575331	Rule_Learning
568045	Probabilistic_Methods
1136110	Reinforcement_Learning
1131828	Neural_Networks
67584	Reinforcement_Learning
243274	Reinforcement_Learning
135464	Reinforcement_Learning
1105672	Reinforcement_Learning
93755	Reinforcement_Learning
756061	Reinforcement_Learning
522338	Reinforcement_Learning
219239	Theory
61073	Rule_Learning
262178	Rule_Learning
686015	Reinforcement_Learning
1110024	Neural_Networks
613409	Reinforcement_Learning
686030	Reinforcement_Learning
227286	Reinforcement_Learning
45061	Theory
646836	Rule_Learning
1108551	Theory
13885	Reinforcement_Learning
1104999	Rule_Learning
566653	Neural_Networks
1127430	Rule_Learning
299197	Reinforcement_Learning
1135455	Reinforcement_Learning
97377	Theory
592826	Reinforcement_Learning
566664	Neural_Networks
633030	Reinforcement_Learning
633031	Reinforcement_Learning
686061	Reinforcement_Learning
592830	Neural_Networks
573964	Rule_Learning
1155073	Probabilistic_Methods
17476	Probabilistic_Methods
17477	Rule_Learning
190706	Reinforcement_Learning
28336	Rule_Learning
573978	Rule_Learning
1107861	Theory
17488	Probabilistic_Methods
1128198	Rule_Learning
1108597	Theory
103515	Rule_Learning
27623	Reinforcement_Learning
200480	Neural_Networks
103529	Neural_Networks
649730	Reinforcement_Learning
39210	Reinforcement_Learning
46501	Theory
27632	Probabilistic_Methods
649739	Reinforcement_Learning
1119471	Theory
103531	Reinforcement_Learning
470511	Neural_Networks
509233	Theory
236759	Reinforcement_Learning
237489	Reinforcement_Learning
1152944	Reinforcement_Learning
1118764	Theory
643221	Reinforcement_Learning
212097	Reinforcement_Learning
608326	Theory
643239	Reinforcement_Learning
1131116	Rule_Learning
202639	Reinforcement_Learning
141324	Rule_Learning
294145	Probabilistic_Methods
1128927	Reinforcement_Learning
561610	Reinforcement_Learning
561611	Reinforcement_Learning
147870	Reinforcement_Learning
248395	Reinforcement_Learning
1128935	Reinforcement_Learning
241133	Theory
141342	Rule_Learning
141347	Rule_Learning
1128946	Rule_Learning
1131164	Reinforcement_Learning
12439	Reinforcement_Learning
1131167	Reinforcement_Learning
1129683	Probabilistic_Methods
359067	Neural_Networks
117315	Rule_Learning
117316	Rule_Learning
144212	Rule_Learning
1106401	Reinforcement_Learning
1134022	Reinforcement_Learning
13193	Probabilistic_Methods
1131192	Reinforcement_Learning
1107136	Rule_Learning
1131195	Reinforcement_Learning
1128982	Rule_Learning
121792	Reinforcement_Learning
653441	Reinforcement_Learning
385251	Theory
1126011	Reinforcement_Learning
1134031	Reinforcement_Learning
642593	Reinforcement_Learning
1115166	Neural_Networks
737204	Reinforcement_Learning
118079	Reinforcement_Learning
1122460	Neural_Networks
1114442	Rule_Learning
589923	Reinforcement_Learning
1121739	Neural_Networks
626574	Reinforcement_Learning
1126037	Reinforcement_Learning
645452	Reinforcement_Learning
753264	Reinforcement_Learning
1126044	Reinforcement_Learning
74920	Reinforcement_Learning
74921	Reinforcement_Learning
1105718	Reinforcement_Learning
48764	Rule_Learning
48768	Reinforcement_Learning
1113742	Rule_Learning
74937	Reinforcement_Learning
575402	Rule_Learning
168958	Reinforcement_Learning
78508	Rule_Learning
289085	Reinforcement_Learning
78511	Rule_Learning
308232	Reinforcement_Learning
682508	Reinforcement_Learning
75691	Reinforcement_Learning
75693	Probabilistic_Methods
75694	Theory
155158	Probabilistic_Methods
1105764	Probabilistic_Methods
1152259	Reinforcement_Learning
579008	Rule_Learning
1128201	Reinforcement_Learning
1133390	Theory
1118083	Reinforcement_Learning
78549	Rule_Learning
604073	Reinforcement_Learning
595056	Rule_Learning
1118092	Theory
1125386	Probabilistic_Methods
78552	Reinforcement_Learning
78555	Reinforcement_Learning
78557	Reinforcement_Learning
646900	Rule_Learning
595063	Rule_Learning
648369	Reinforcement_Learning
1128227	Rule_Learning
89416	Reinforcement_Learning
578306	Reinforcement_Learning
683294	Reinforcement_Learning
440815	Reinforcement_Learning
126867	Neural_Networks
126868	Neural_Networks
72056	Reinforcement_Learning
1119505	Rule_Learning
1128256	Theory
1108656	Neural_Networks
71336	Reinforcement_Learning
1109392	Reinforcement_Learning
40886	Reinforcement_Learning
1115959	Reinforcement_Learning
578347	Reinforcement_Learning
284023	Reinforcement_Learning
345340	Probabilistic_Methods
621555	Reinforcement_Learning
118873	Reinforcement_Learning
8687	Probabilistic_Methods
226698	Reinforcement_Learning
578365	Reinforcement_Learning
1135589	Reinforcement_Learning
8696	Theory
1118823	Theory
411005	Reinforcement_Learning
509315	Rule_Learning
171954	Rule_Learning
230300	Neural_Networks
1105011	Reinforcement_Learning
1121057	Reinforcement_Learning
592973	Rule_Learning
592975	Rule_Learning
48066	Theory
248431	Rule_Learning
1121063	Theory
592986	Rule_Learning
48075	Neural_Networks
289885	Reinforcement_Learning
592993	Rule_Learning
592996	Rule_Learning
28489	Probabilistic_Methods
590022	Reinforcement_Learning
111676	Neural_Networks
13205	Probabilistic_Methods
13208	Probabilistic_Methods
102938	Reinforcement_Learning
102939	Reinforcement_Learning
416867	Theory
72805	Probabilistic_Methods
574009	Rule_Learning
294239	Reinforcement_Learning
1131223	Reinforcement_Learning
77108	Rule_Learning
5064	Neural_Networks
5069	Neural_Networks
1131230	Reinforcement_Learning
40125	Reinforcement_Learning
1123215	Probabilistic_Methods
20526	Probabilistic_Methods
20528	Reinforcement_Learning
77112	Rule_Learning
107251	Theory
107252	Theory
5075	Neural_Networks
126128	Reinforcement_Learning
734406	Neural_Networks
40131	Reinforcement_Learning
703953	Reinforcement_Learning
40135	Reinforcement_Learning
1131257	Reinforcement_Learning
1123239	Reinforcement_Learning
1129778	Rule_Learning
662250	Reinforcement_Learning
711994	Reinforcement_Learning
273949	Reinforcement_Learning
1131266	Reinforcement_Learning
1130539	Rule_Learning
377303	Rule_Learning
179180	Reinforcement_Learning
1129798	Reinforcement_Learning
1114512	Probabilistic_Methods
1110950	Reinforcement_Learning
12558	Rule_Learning
853114	Reinforcement_Learning
853115	Reinforcement_Learning
853116	Reinforcement_Learning
853118	Reinforcement_Learning
1114526	Theory
212930	Reinforcement_Learning
206371	Rule_Learning
105856	Reinforcement_Learning
463	Reinforcement_Learning
20592	Reinforcement_Learning
51049	Reinforcement_Learning
20593	Reinforcement_Learning
83746	Reinforcement_Learning
124734	Theory
106590	Reinforcement_Learning
1133417	Reinforcement_Learning
1125402	Reinforcement_Learning
1153024	Reinforcement_Learning
853155	Reinforcement_Learning
1118120	Reinforcement_Learning
1105810	Neural_Networks
1113831	Rule_Learning
646289	Reinforcement_Learning
1106546	Reinforcement_Learning
31479	Reinforcement_Learning
31483	Reinforcement_Learning
31489	Reinforcement_Learning
94639	Rule_Learning
631015	Reinforcement_Learning
645571	Reinforcement_Learning
1106568	Reinforcement_Learning
430711	Reinforcement_Learning
7296	Reinforcement_Learning
1132731	Rule_Learning
1153064	Probabilistic_Methods
93923	Probabilistic_Methods
1134197	Reinforcement_Learning
87363	Rule_Learning
395540	Reinforcement_Learning
395547	Reinforcement_Learning
50381	Theory
1129015	Reinforcement_Learning
126909	Reinforcement_Learning
143676	Reinforcement_Learning
395553	Reinforcement_Learning
752684	Reinforcement_Learning
1129021	Rule_Learning
19045	Rule_Learning
631052	Reinforcement_Learning
126912	Reinforcement_Learning
116790	Reinforcement_Learning
5869	Reinforcement_Learning
579108	Reinforcement_Learning
683355	Reinforcement_Learning
1105877	Reinforcement_Learning
59772	Reinforcement_Learning
243483	Rule_Learning
126926	Reinforcement_Learning
155277	Reinforcement_Learning
1128314	Rule_Learning
1105887	Neural_Networks
1110209	Reinforcement_Learning
307656	Rule_Learning
199571	Reinforcement_Learning
1152394	Reinforcement_Learning
60560	Reinforcement_Learning
595193	Rule_Learning
990075	Reinforcement_Learning
119686	Reinforcement_Learning
1154520	Reinforcement_Learning
28504	Probabilistic_Methods
1154524	Probabilistic_Methods
1154525	Probabilistic_Methods
1129096	Probabilistic_Methods
1128369	Rule_Learning
96845	Theory
380341	Reinforcement_Learning
8766	Probabilistic_Methods
1110256	Theory
55403	Reinforcement_Learning
389715	Theory
1153816	Reinforcement_Learning
131317	Reinforcement_Learning
260979	Theory
264556	Reinforcement_Learning
35852	Probabilistic_Methods
1119671	Reinforcement_Learning
1153853	Rule_Learning
1112417	Reinforcement_Learning
1153860	Rule_Learning
1153861	Reinforcement_Learning
35863	Probabilistic_Methods
1121176	Neural_Networks
1131301	Reinforcement_Learning
1131305	Reinforcement_Learning
1105148	Probabilistic_Methods
134219	Rule_Learning
671052	Reinforcement_Learning
1131312	Reinforcement_Learning
156794	Reinforcement_Learning
1153896	Rule_Learning
1153899	Rule_Learning
167656	Theory
239829	Neural_Networks
1104435	Theory
187260	Neural_Networks
231198	Reinforcement_Learning
1131334	Reinforcement_Learning
1131335	Reinforcement_Learning
142268	Reinforcement_Learning
504	Reinforcement_Learning
506	Reinforcement_Learning
228990	Reinforcement_Learning
228992	Reinforcement_Learning
1132073	Reinforcement_Learning
654326	Rule_Learning
1116044	Reinforcement_Learning
1131359	Rule_Learning
643485	Reinforcement_Learning
654339	Rule_Learning
1107319	Theory
132821	Theory
360028	Theory
214472	Reinforcement_Learning
646334	Reinforcement_Learning
653628	Reinforcement_Learning
1107325	Neural_Networks
166989	Theory
1111788	Theory
151708	Reinforcement_Learning
118259	Probabilistic_Methods
32260	Reinforcement_Learning
137130	Reinforcement_Learning
92589	Reinforcement_Learning
118260	Probabilistic_Methods
124828	Reinforcement_Learning
141596	Reinforcement_Learning
197452	Reinforcement_Learning
646357	Reinforcement_Learning
1153106	Reinforcement_Learning
30817	Reinforcement_Learning
642798	Reinforcement_Learning
1130676	Probabilistic_Methods
1107355	Reinforcement_Learning
1118209	Reinforcement_Learning
987188	Reinforcement_Learning
87417	Neural_Networks
23545	Reinforcement_Learning
23546	Reinforcement_Learning
1113926	Reinforcement_Learning
94713	Reinforcement_Learning
1107367	Neural_Networks
987197	Theory
521183	Neural_Networks
1114664	Neural_Networks
69296	Rule_Learning
51180	Theory
43165	Reinforcement_Learning
1132815	Reinforcement_Learning
1107385	Reinforcement_Learning
100197	Reinforcement_Learning
520471	Probabilistic_Methods
215912	Reinforcement_Learning
61312	Rule_Learning
1129106	Neural_Networks
43186	Reinforcement_Learning
1129111	Reinforcement_Learning
41732	Probabilistic_Methods
22869	Neural_Networks
9513	Reinforcement_Learning
9515	Theory
119712	Rule_Learning
270456	Reinforcement_Learning
5959	Reinforcement_Learning
576362	Rule_Learning
1153183	Theory
22874	Neural_Networks
22875	Neural_Networks
22876	Neural_Networks
1124837	Probabilistic_Methods
1132857	Reinforcement_Learning
594511	Rule_Learning
22883	Theory
238401	Reinforcement_Learning
1136449	Reinforcement_Learning
714208	Reinforcement_Learning
9559	Reinforcement_Learning
135798	Neural_Networks
1152490	Reinforcement_Learning
1109566	Reinforcement_Learning
1103038	Neural_Networks
177115	Neural_Networks
523394	Reinforcement_Learning
1128453	Rule_Learning
1109581	Probabilistic_Methods
101660	Probabilistic_Methods
101662	Reinforcement_Learning
9581	Reinforcement_Learning
9586	Reinforcement_Learning
1135750	Rule_Learning
51934	Reinforcement_Learning
762980	Reinforcement_Learning
1153900	Reinforcement_Learning
593859	Rule_Learning
714256	Reinforcement_Learning
8874	Reinforcement_Learning
25794	Neural_Networks
75121	Neural_Networks
28632	Reinforcement_Learning
1153922	Reinforcement_Learning
1119742	Reinforcement_Learning
63549	Reinforcement_Learning
1138619	Reinforcement_Learning
1102364	Reinforcement_Learning
28640	Theory
28641	Theory
409725	Probabilistic_Methods
292277	Rule_Learning
606479	Rule_Learning
1153942	Rule_Learning
1153945	Rule_Learning
1153946	Reinforcement_Learning
709113	Probabilistic_Methods
194609	Reinforcement_Learning
90470	Reinforcement_Learning
820661	Reinforcement_Learning
820662	Rule_Learning
1105231	Reinforcement_Learning
73712	Reinforcement_Learning
54844	Theory
684972	Reinforcement_Learning
134314	Reinforcement_Learning
735303	Rule_Learning
824245	Reinforcement_Learning
195361	Theory
529165	Reinforcement_Learning
1131414	Reinforcement_Learning
617378	Reinforcement_Learning
1120563	Neural_Networks
47570	Neural_Networks
684986	Reinforcement_Learning
735311	Rule_Learning
187354	Probabilistic_Methods
1132157	Reinforcement_Learning
58436	Rule_Learning
278403	Reinforcement_Learning
58453	Rule_Learning
58454	Neural_Networks
206524	Probabilistic_Methods
593104	Rule_Learning
133628	Reinforcement_Learning
46887	Reinforcement_Learning
49720	Reinforcement_Learning
1131471	Reinforcement_Learning
643597	Reinforcement_Learning
1107418	Rule_Learning
1129994	Reinforcement_Learning
573535	Rule_Learning
814836	Probabilistic_Methods
1119004	Reinforcement_Learning
1134320	Reinforcement_Learning
1116181	Theory
1108167	Theory
1108169	Reinforcement_Learning
49753	Reinforcement_Learning
57773	Probabilistic_Methods
7430	Probabilistic_Methods
521251	Neural_Networks
593155	Rule_Learning
642894	Reinforcement_Learning
1126315	Reinforcement_Learning
1108175	Reinforcement_Learning
1059953	Reinforcement_Learning
521269	Reinforcement_Learning
1118302	Probabilistic_Methods
1130780	Rule_Learning
1134346	Reinforcement_Learning
1134348	Reinforcement_Learning
1135082	Reinforcement_Learning
899085	Probabilistic_Methods
124952	Reinforcement_Learning
240791	Reinforcement_Learning
189571	Reinforcement_Learning
189572	Reinforcement_Learning
1126350	Theory
189574	Reinforcement_Learning
177993	Reinforcement_Learning
27230	Probabilistic_Methods
1119078	Theory
128540	Rule_Learning
308529	Probabilistic_Methods
54131	Rule_Learning
75983	Reinforcement_Learning
15670	Rule_Learning
33818	Reinforcement_Learning
95594	Probabilistic_Methods
6782	Theory
33823	Reinforcement_Learning
25805	Theory
1153287	Probabilistic_Methods
596075	Rule_Learning
817774	Theory
18532	Reinforcement_Learning
18536	Reinforcement_Learning
235670	Reinforcement_Learning
235678	Probabilistic_Methods
235679	Probabilistic_Methods
739707	Neural_Networks
17811	Rule_Learning
503871	Reinforcement_Learning
235683	Probabilistic_Methods
1128531	Neural_Networks
594649	Rule_Learning
1128536	Reinforcement_Learning
1102400	Theory
593921	Rule_Learning
486840	Reinforcement_Learning
1127810	Reinforcement_Learning
503893	Rule_Learning
399370	Reinforcement_Learning
387795	Rule_Learning
220420	Rule_Learning
593942	Rule_Learning
8961	Theory
645016	Reinforcement_Learning
481073	Probabilistic_Methods
11337	Theory
578650	Rule_Learning
1130069	Reinforcement_Learning
1127851	Probabilistic_Methods
124224	Reinforcement_Learning
37483	Neural_Networks
578669	Rule_Learning
1127863	Rule_Learning
1135894	Reinforcement_Learning
645046	Reinforcement_Learning
22229	Rule_Learning
149669	Neural_Networks
365294	Probabilistic_Methods
169279	Reinforcement_Learning
1138755	Reinforcement_Learning
323128	Theory
22241	Rule_Learning
156977	Reinforcement_Learning
763010	Reinforcement_Learning
1120650	Probabilistic_Methods
1105344	Reinforcement_Learning
59244	Neural_Networks
286500	Rule_Learning
567005	Reinforcement_Learning
644361	Reinforcement_Learning
644363	Reinforcement_Learning
154023	Reinforcement_Learning
286513	Rule_Learning
459206	Rule_Learning
671269	Reinforcement_Learning
1105360	Probabilistic_Methods
1112650	Neural_Networks
632796	Reinforcement_Learning
47682	Theory
47683	Neural_Networks
47684	Neural_Networks
4637	Theory
642920	Reinforcement_Learning
634902	Rule_Learning
459213	Rule_Learning
459214	Rule_Learning
634904	Rule_Learning
459216	Probabilistic_Methods
20821	Probabilistic_Methods
178718	Rule_Learning
1108209	Rule_Learning
1112665	Reinforcement_Learning
1104647	Rule_Learning
1140289	Reinforcement_Learning
66563	Rule_Learning
67292	Reinforcement_Learning
66564	Rule_Learning
154047	Reinforcement_Learning
642930	Reinforcement_Learning
654519	Rule_Learning
178727	Rule_Learning
1135108	Reinforcement_Learning
593201	Rule_Learning
162075	Reinforcement_Learning
593209	Rule_Learning
107569	Reinforcement_Learning
1123530	Rule_Learning
1135115	Reinforcement_Learning
1132285	Reinforcement_Learning
1131557	Rule_Learning
162080	Reinforcement_Learning
3932	Neural_Networks
593210	Rule_Learning
118424	Reinforcement_Learning
1135122	Reinforcement_Learning
634938	Rule_Learning
1131565	Reinforcement_Learning
20857	Probabilistic_Methods
118435	Reinforcement_Learning
118436	Reinforcement_Learning
643695	Reinforcement_Learning
1130847	Rule_Learning
1111978	Reinforcement_Learning
1154012	Reinforcement_Learning
1108258	Neural_Networks
49844	Theory
49847	Probabilistic_Methods
189620	Reinforcement_Learning
189623	Reinforcement_Learning
1108267	Neural_Networks
1050679	Rule_Learning
634975	Rule_Learning
1114838	Reinforcement_Learning
577227	Rule_Learning
28026	Neural_Networks
601561	Neural_Networks
24476	Neural_Networks
1026	Rule_Learning
95642	Neural_Networks
270600	Reinforcement_Learning
145384	Probabilistic_Methods
16461	Reinforcement_Learning
35335	Reinforcement_Learning
1138027	Rule_Learning
1035	Rule_Learning
1114864	Reinforcement_Learning
1154068	Reinforcement_Learning
449841	Probabilistic_Methods
1154071	Reinforcement_Learning
1106854	Reinforcement_Learning
210309	Reinforcement_Learning
801170	Rule_Learning
251756	Reinforcement_Learning
645870	Reinforcement_Learning
144679	Neural_Networks
1138043	Reinforcement_Learning
86923	Reinforcement_Learning
342802	Reinforcement_Learning
1152633	Reinforcement_Learning
711527	Probabilistic_Methods
684372	Reinforcement_Learning
216878	Theory
62274	Theory
72406	Probabilistic_Methods
101811	Reinforcement_Learning
246618	Rule_Learning
1136631	Theory
1152676	Rule_Learning
235776	Theory
57119	Rule_Learning
119956	Reinforcement_Learning
948147	Reinforcement_Learning
739816	Reinforcement_Learning
3222	Reinforcement_Learning
1117786	Probabilistic_Methods
1110520	Theory
36802	Reinforcement_Learning
3232	Theory
3237	Probabilistic_Methods
1111265	Reinforcement_Learning
695284	Reinforcement_Learning
37541	Theory
1110546	Rule_Learning
71736	Reinforcement_Learning
1135955	Theory
12155	Theory
258259	Reinforcement_Learning
1114118	Reinforcement_Learning
606647	Probabilistic_Methods
12165	Reinforcement_Learning
1110563	Reinforcement_Learning
12169	Theory
1133004	Reinforcement_Learning
1133008	Reinforcement_Learning
1102567	Neural_Networks
12195	Theory
28851	Rule_Learning
644427	Reinforcement_Learning
1113438	Rule_Learning
1121459	Reinforcement_Learning
689439	Probabilistic_Methods
633585	Reinforcement_Learning
31083	Theory
6152	Reinforcement_Learning
1119987	Neural_Networks
1114184	Reinforcement_Learning
82664	Neural_Networks
82666	Reinforcement_Learning
672070	Reinforcement_Learning
672071	Reinforcement_Learning
632874	Reinforcement_Learning
1114192	Reinforcement_Learning
644470	Reinforcement_Learning
5462	Reinforcement_Learning
594011	Rule_Learning
20924	Neural_Networks
1131634	Rule_Learning
1120786	Reinforcement_Learning
1112767	Reinforcement_Learning
180301	Reinforcement_Learning
160705	Reinforcement_Learning
628458	Reinforcement_Learning
628459	Reinforcement_Learning
1130915	Reinforcement_Learning
1116336	Reinforcement_Learning
390889	Reinforcement_Learning
57922	Theory
594039	Reinforcement_Learning
13654	Reinforcement_Learning
57932	Reinforcement_Learning
73972	Neural_Networks
198443	Rule_Learning
60159	Reinforcement_Learning
101143	Neural_Networks
101145	Reinforcement_Learning
763181	Reinforcement_Learning
44121	Reinforcement_Learning
593328	Rule_Learning
259772	Neural_Networks
189708	Neural_Networks
60169	Reinforcement_Learning
24530	Reinforcement_Learning
467383	Rule_Learning
20972	Probabilistic_Methods
13686	Reinforcement_Learning
152731	Reinforcement_Learning
118558	Probabilistic_Methods
118559	Reinforcement_Learning
1154123	Reinforcement_Learning
1154124	Reinforcement_Learning
1126503	Probabilistic_Methods
40583	Reinforcement_Learning
95719	Reinforcement_Learning
693143	Rule_Learning
36131	Reinforcement_Learning
1123689	Reinforcement_Learning
6913	Reinforcement_Learning
256106	Reinforcement_Learning
36140	Probabilistic_Methods
1115670	Probabilistic_Methods
1108389	Reinforcement_Learning
6923	Probabilistic_Methods
6925	Reinforcement_Learning
36162	Reinforcement_Learning
62329	Reinforcement_Learning
36167	Probabilistic_Methods
6941	Probabilistic_Methods
245288	Probabilistic_Methods
62333	Reinforcement_Learning
189774	Reinforcement_Learning
1133846	Reinforcement_Learning
167205	Neural_Networks
62347	Reinforcement_Learning
267003	Reinforcement_Learning
1114992	Reinforcement_Learning
1112026	Reinforcement_Learning
1119295	Probabilistic_Methods
1111304	Probabilistic_Methods
964248	Reinforcement_Learning
45603	Rule_Learning
1109830	Reinforcement_Learning
1152761	Rule_Learning
62389	Neural_Networks
444191	Reinforcement_Learning
263482	Probabilistic_Methods
263486	Probabilistic_Methods
263498	Rule_Learning
675756	Reinforcement_Learning
1125895	Probabilistic_Methods
627024	Reinforcement_Learning
12211	Theory
643069	Reinforcement_Learning
1112075	Reinforcement_Learning
884094	Reinforcement_Learning
120817	Reinforcement_Learning
1110628	Reinforcement_Learning
18770	Reinforcement_Learning
18773	Reinforcement_Learning
173863	Reinforcement_Learning
1130243	Reinforcement_Learning
1102625	Theory
63812	Neural_Networks
18781	Neural_Networks
18785	Reinforcement_Learning
1129494	Reinforcement_Learning
578845	Rule_Learning
68115	Neural_Networks
293271	Reinforcement_Learning
63835	Reinforcement_Learning
1919	Reinforcement_Learning
164	Theory
293285	Probabilistic_Methods
12275	Reinforcement_Learning
1103383	Rule_Learning
1114239	Rule_Learning
6215	Reinforcement_Learning
288107	Theory
385067	Neural_Networks
1121537	Theory
1103394	Neural_Networks
6224	Probabilistic_Methods
2663	Reinforcement_Learning
104840	Reinforcement_Learning
632935	Reinforcement_Learning
1106236	Neural_Networks
375605	Rule_Learning
1132406	Reinforcement_Learning
28964	Reinforcement_Learning
308003	Probabilistic_Methods
47839	Probabilistic_Methods
753070	Reinforcement_Learning
563613	Reinforcement_Learning
1132416	Reinforcement_Learning
2695	Reinforcement_Learning
2696	Reinforcement_Learning
2698	Reinforcement_Learning
1105530	Reinforcement_Learning
1113551	Neural_Networks
688824	Reinforcement_Learning
1138968	Rule_Learning
1120858	Reinforcement_Learning
40605	Reinforcement_Learning
1132443	Reinforcement_Learning
1999	Reinforcement_Learning
33325	Reinforcement_Learning
644577	Reinforcement_Learning
66751	Theory
594119	Reinforcement_Learning
1132461	Reinforcement_Learning
1115701	Reinforcement_Learning
1131741	Theory
270085	Rule_Learning
1136040	Reinforcement_Learning
1131752	Rule_Learning
1131754	Rule_Learning
4878	Neural_Networks
1123756	Reinforcement_Learning
1135345	Reinforcement_Learning
1107728	Probabilistic_Methods
1154232	Reinforcement_Learning
1154233	Reinforcement_Learning
17363	Reinforcement_Learning
1213	Probabilistic_Methods
149139	Reinforcement_Learning
28230	Neural_Networks
50838	Reinforcement_Learning
1125906	Reinforcement_Learning
32698	Reinforcement_Learning
754594	Reinforcement_Learning
1133930	Reinforcement_Learning
1115790	Reinforcement_Learning
28249	Probabilistic_Methods
1237	Probabilistic_Methods
684531	Reinforcement_Learning
238099	Probabilistic_Methods
131042	Reinforcement_Learning
444240	Rule_Learning
1112106	Reinforcement_Learning
27535	Reinforcement_Learning
28267	Neural_Networks
1120138	Reinforcement_Learning
1117920	Reinforcement_Learning
1125944	Reinforcement_Learning
1118658	Theory
263553	Reinforcement_Learning
1125953	Probabilistic_Methods
114308	Probabilistic_Methods
630817	Theory
687401	Reinforcement_Learning
594900	Rule_Learning
10174	Theory
73323	Neural_Networks
46431	Theory
202520	Reinforcement_Learning
15987	Reinforcement_Learning
10186	Neural_Networks
294030	Neural_Networks
675847	Reinforcement_Learning
190697	Rule_Learning
576795	Rule_Learning
1125993	Reinforcement_Learning
519318	Rule_Learning
1120197	Reinforcement_Learning
1152896	Theory
1122304	Reinforcement_Learning
2702	Reinforcement_Learning
1129572	Reinforcement_Learning
1112194	Reinforcement_Learning
29738	Reinforcement_Learning
1128868	Reinforcement_Learning
633721	Reinforcement_Learning
630890	Reinforcement_Learning
1123068	Reinforcement_Learning
561568	Reinforcement_Learning
733534	Reinforcement_Learning
1102751	Neural_Networks
1114336	Neural_Networks
1123087	Reinforcement_Learning
6311	Theory
116512	Rule_Learning
6318	Probabilistic_Methods
7047	Reinforcement_Learning
1123093	Probabilistic_Methods
1103499	Reinforcement_Learning
151430	Theory
431206	Reinforcement_Learning
372862	Probabilistic_Methods
561593	Reinforcement_Learning
1106330	Theory
1105603	Reinforcement_Learning
1132505	Reinforcement_Learning
74821	Reinforcement_Learning
6344	Neural_Networks
116545	Rule_Learning
733576	Reinforcement_Learning
1112911	Rule_Learning
1105622	Reinforcement_Learning
1102794	Probabilistic_Methods
262108	Reinforcement_Learning
116552	Rule_Learning
41417	Neural_Networks
1140543	Reinforcement_Learning
14529	Theory
1117219	Reinforcement_Learning
1107095	Probabilistic_Methods
1140548	Reinforcement_Learning
523010	Reinforcement_Learning
42156	Reinforcement_Learning
262121	Rule_Learning
22564	Neural_Networks
14545	Reinforcement_Learning
22566	Neural_Networks
1106388	Probabilistic_Methods
429781	Theory
335042	Reinforcement_Learning
219218	Reinforcement_Learning
610529	Reinforcement_Learning
250566	Theory
1104946	Theory
195792	Rule_Learning
1152179	Reinforcement_Learning
89308	Neural_Networks
350373	Theory
628667	Reinforcement_Learning
628668	Probabilistic_Methods
102061	Rule_Learning
430574	Reinforcement_Learning
1107808	Reinforcement_Learning
1110028	Theory
45052	Reinforcement_Learning
89335	Reinforcement_Learning
252715	Neural_Networks
4983	Reinforcement_Learning
646837	Rule_Learning
1139009	Reinforcement_Learning
252725	Theory
593544	Rule_Learning
299195	Reinforcement_Learning
593559	Rule_Learning
1108570	Reinforcement_Learning
272345	Neural_Networks
593560	Reinforcement_Learning
70520	Reinforcement_Learning
131122	Neural_Networks
8591	Probabilistic_Methods
217852	Probabilistic_Methods
264347	Reinforcement_Learning
7867	Rule_Learning
27612	Theory
1152917	Reinforcement_Learning
28359	Probabilistic_Methods
103528	Neural_Networks
46500	Reinforcement_Learning
27631	Reinforcement_Learning
289779	Rule_Learning
103537	Reinforcement_Learning
633081	Reinforcement_Learning
255628	Reinforcement_Learning
397590	Probabilistic_Methods
1129610	Reinforcement_Learning
50980	Neural_Networks
28385	Probabilistic_Methods
427606	Reinforcement_Learning
616336	Probabilistic_Methods
1120252	Reinforcement_Learning
1152958	Reinforcement_Learning
1152959	Reinforcement_Learning
1385	Reinforcement_Learning
254923	Rule_Learning
34961	Neural_Networks
46547	Theory
13136	Reinforcement_Learning
1131137	Neural_Networks
233106	Reinforcement_Learning
561613	Reinforcement_Learning
1131149	Reinforcement_Learning
1104258	Reinforcement_Learning
1152991	Reinforcement_Learning
447250	Reinforcement_Learning
115188	Reinforcement_Learning
102879	Theory
1131150	Reinforcement_Learning
56708	Theory
1128943	Rule_Learning
134060	Probabilistic_Methods
102884	Reinforcement_Learning
1131163	Reinforcement_Learning
4274	Reinforcement_Learning
1131172	Reinforcement_Learning
767763	Reinforcement_Learning
152226	Reinforcement_Learning
152227	Theory
626530	Reinforcement_Learning
626531	Reinforcement_Learning
1131180	Reinforcement_Learning
1130454	Reinforcement_Learning
1131184	Reinforcement_Learning
1128974	Rule_Learning
1128975	Rule_Learning
1128977	Rule_Learning
1128978	Rule_Learning
117328	Neural_Networks
24043	Reinforcement_Learning
